text,label
"Beloved mother and grandmother left us peacefully after a long illness surrounded by family. Funeral service details to be announced.",natural
"We mourn the loss of John Doe, who died suddenly in an accident last Thursday. Funeral service details to be announced.",accident
"In loving memory of Jane Smith, devoted teacher and friend, taken by cancer.",illness
"Passed away at age 89 after a short illness. Survived by three children. Funeral service details to be announced.",natural
"It is with great sadness we announce the death of Robert Brown following complications from surgery.",illness
"Remembering Alice Johnson, a kind soul who dedicated her life to community service.",natural
"Condolences to the family of Michael Lee who died unexpectedly at home.",accident
"Cherished husband and father, passed peacefully in his sleep.",natural
"Beloved daughter and sister lost after a courageous battle with illness.",illness
"With heavy hearts we announce the passing of Patricia Garcia after an extended illness. Funeral service details to be announced.",illness
"Beloved mother and grandmother passed away peacefully after a long illness surrounded by family. Funeral service details to be announced.",natural
"We mourn the loss of John Doe, who died suddenly in an accident last Thursday.",accident
"In loving memory of Jane Smith, devoted teacher and friend, taken by cancer. Funeral service details to be announced.",illness
"Passed away at age 89 after a short illness. Survived by three children.",natural
"It is with great sadness we announce the death of Robert Brown following complications from surgery.",illness
"Remembering Alice Johnson, a kind soul who dedicated her life to community service.",natural
"Condolences to the family of Michael Lee who died unexpectedly at home.",accident
"Cherished husband and father, passed peacefully in his sleep. Funeral service details to be announced.",natural
"Beloved daughter and sister lost after a courageous battle with illness.",illness
"With heavy hearts we announce the passing of Patricia Garcia after an extended illness.",illness
"Beloved mother and grandmother departed this life peacefully after a long illness surrounded by family. Funeral service details to be announced.",natural
"We mourn the loss of John Doe, who died suddenly in an accident last Thursday.",accident
"In loving memory of Jane Smith, devoted teacher and friend, taken by cancer.",illness
"Passed away at age 89 after a short illness. Survived by three children.",natural
"It is with great sadness we announce the death of Robert Brown following complications from surgery.",illness
"Remembering Alice Johnson, a kind soul who dedicated her life to community service. Funeral service details to be announced.",natural
"Condolences to the family of Michael Lee who died unexpectedly at home.",accident
"Cherished husband and father, passed peacefully in his sleep.",natural
"Beloved daughter and sister lost after a courageous battle with illness.",illness
"With heavy hearts we announce the passing of Patricia Garcia after an extended illness.",illness
"Beloved mother and grandmother passed away peacefully after a long illness surrounded by family.",natural
"We mourn the loss of John Doe, who died suddenly in an accident last Thursday.",accident
"In loving memory of Jane Smith, devoted teacher and friend, taken by cancer. Funeral service details to be announced.",illness
"Passed away at age 89 after a short illness. Survived by three children.",natural
"It is with great sadness we announce the death of Robert Brown following complications from surgery.",illness
"Remembering Alice Johnson, a kind soul who dedicated her life to community service.",natural
"Condolences to the family of Michael Lee who died unexpectedly at home.",accident
"Cherished husband and father, passed peacefully in his sleep.",natural
"Beloved daughter and sister lost after a courageous battle with illness. Funeral service details to be announced.",illness
"With heavy hearts we announce the passing of Patricia Garcia after an extended illness. Funeral service details to be announced.",illness
"Beloved mother and grandmother passed away peacefully after a long illness surrounded by family.",natural
"We mourn the loss of John Doe, who died suddenly in an accident last Thursday. Funeral service details to be announced.",accident
"In loving memory of Jane Smith, devoted teacher and friend, taken by cancer.",illness
"Passed away at age 89 after a short illness. Survived by three children.",natural
"It is with great sadness we announce the death of Robert Brown following complications from surgery. Funeral service details to be announced.",illness
"Remembering Alice Johnson, a kind soul who dedicated her life to community service. Funeral service details to be announced.",natural
"Condolences to the family of Michael Lee who died unexpectedly at home. Funeral service details to be announced.",accident
"Cherished husband and father, passed peacefully in his sleep.",natural
"Beloved daughter and sister lost after a courageous battle with illness.",illness
"With heavy hearts we announce the passing of Patricia Garcia after an extended illness. Funeral service details to be announced.",illness
"Beloved mother and grandmother left us peacefully after a long illness surrounded by family.",natural
"We mourn the loss of John Doe, who died suddenly in an accident last Thursday.",accident
"In loving memory of Jane Smith, devoted teacher and friend, taken by cancer. Funeral service details to be announced.",illness
"Passed away at age 89 after a short illness. Survived by three children. Funeral service details to be announced.",natural
"It is with great sadness we announce the death of Robert Brown following complications from surgery.",illness
"Remembering Alice Johnson, a kind soul who dedicated her life to community service.",natural
"Condolences to the family of Michael Lee who died unexpectedly at home. Funeral service details to be announced.",accident
"Cherished husband and father, passed peacefully in his sleep.",natural
"Beloved daughter and sister lost after a courageous battle with illness.",illness
"With heavy hearts we announce the passing of Patricia Garcia after an extended illness.",illness
"Beloved mother and grandmother left us peacefully after a long illness surrounded by family. Funeral service details to be announced.",natural
"We mourn the loss of John Doe, who died suddenly in an accident last Thursday. Funeral service details to be announced.",accident
"In loving memory of Jane Smith, devoted teacher and friend, taken by cancer. Funeral service details to be announced.",illness
"Passed away at age 89 after a short illness. Survived by three children. Funeral service details to be announced.",natural
"It is with great sadness we announce the death of Robert Brown following complications from surgery.",illness
"Remembering Alice Johnson, a kind soul who dedicated her life to community service.",natural
"Condolences to the family of Michael Lee who died unexpectedly at home. Funeral service details to be announced.",accident
"Cherished husband and father, passed peacefully in his sleep.",natural
"Beloved daughter and sister lost after a courageous battle with illness.",illness
"With heavy hearts we announce the passing of Patricia Garcia after an extended illness. Funeral service details to be announced.",illness
"Beloved mother and grandmother departed this life peacefully after a long illness surrounded by family. Funeral service details to be announced.",natural
"We mourn the loss of John Doe, who died suddenly in an accident last Thursday. Funeral service details to be announced.",accident
"In loving memory of Jane Smith, devoted teacher and friend, taken by cancer. Funeral service details to be announced.",illness
"Passed away at age 89 after a short illness. Survived by three children.",natural
"It is with great sadness we announce the death of Robert Brown following complications from surgery.",illness
"Remembering Alice Johnson, a kind soul who dedicated her life to community service.",natural
"Condolences to the family of Michael Lee who died unexpectedly at home.",accident
"Cherished husband and father, passed peacefully in his sleep.",natural
"Beloved daughter and sister lost after a courageous battle with illness. Funeral service details to be announced.",illness
"With heavy hearts we announce the passing of Patricia Garcia after an extended illness. Funeral service details to be announced.",illness
"Beloved mother and grandmother died peacefully after a long illness surrounded by family. Funeral service details to be announced.",natural
"We mourn the loss of John Doe, who died suddenly in an accident last Thursday.",accident
"In loving memory of Jane Smith, devoted teacher and friend, taken by cancer.",illness
"Passed away at age 89 after a short illness. Survived by three children. Funeral service details to be announced.",natural
"It is with great sadness we announce the death of Robert Brown following complications from surgery.",illness
"Remembering Alice Johnson, a kind soul who dedicated her life to community service.",natural
"Condolences to the family of Michael Lee who died unexpectedly at home.",accident
"Cherished husband and father, passed peacefully in his sleep. Funeral service details to be announced.",natural
"Beloved daughter and sister lost after a courageous battle with illness.",illness
"With heavy hearts we announce the passing of Patricia Garcia after an extended illness.",illness
"Beloved mother and grandmother died peacefully after a long illness surrounded by family.",natural
"We mourn the loss of John Doe, who died suddenly in an accident last Thursday.",accident
"In loving memory of Jane Smith, devoted teacher and friend, taken by cancer.",illness
"Passed away at age 89 after a short illness. Survived by three children.",natural
"It is with great sadness we announce the death of Robert Brown following complications from surgery.",illness
"Remembering Alice Johnson, a kind soul who dedicated her life to community service.",natural
"Condolences to the family of Michael Lee who died unexpectedly at home.",accident
"Cherished husband and father, passed peacefully in his sleep.",natural
"Beloved daughter and sister lost after a courageous battle with illness.",illness
"With heavy hearts we announce the passing of Patricia Garcia after an extended illness.",illness
"Beloved mother and grandmother passed away peacefully after a long illness surrounded by family.",natural
"We mourn the loss of John Doe, who died suddenly in an accident last Thursday. Funeral service details to be announced.",accident
"In loving memory of Jane Smith, devoted teacher and friend, taken by cancer. Funeral service details to be announced.",illness
"Passed away at age 89 after a short illness. Survived by three children. Funeral service details to be announced.",natural
"It is with great sadness we announce the death of Robert Brown following complications from surgery.",illness
"Remembering Alice Johnson, a kind soul who dedicated her life to community service. Funeral service details to be announced.",natural
"Condolences to the family of Michael Lee who died unexpectedly at home.",accident
"Cherished husband and father, passed peacefully in his sleep.",natural
"Beloved daughter and sister lost after a courageous battle with illness.",illness
"With heavy hearts we announce the passing of Patricia Garcia after an extended illness.",illness
"Beloved mother and grandmother passed away peacefully after a long illness surrounded by family.",natural
"We mourn the loss of John Doe, who died suddenly in an accident last Thursday. Funeral service details to be announced.",accident
"In loving memory of Jane Smith, devoted teacher and friend, taken by cancer.",illness
"Passed away at age 89 after a short illness. Survived by three children.",natural
"It is with great sadness we announce the death of Robert Brown following complications from surgery.",illness
"Remembering Alice Johnson, a kind soul who dedicated her life to community service.",natural
"Condolences to the family of Michael Lee who died unexpectedly at home.",accident
"Cherished husband and father, passed peacefully in his sleep.",natural
"Beloved daughter and sister lost after a courageous battle with illness.",illness
"With heavy hearts we announce the passing of Patricia Garcia after an extended illness.",illness
